{"cameraMode":{"drawMode":0,"name":"Shaded","section":"Shading Mode"},"sceneLighting":true,"audioPlay":false,"sceneViewState":{"m_AlwaysRefresh":false,"showFog":true,"showSkybox":true,"showFlares":true,"showImageEffects":true,"showParticleSystems":true,"showVisualEffectGraphs":true,"m_FxEnabled":true},"in2DMode":false,"pivot":{"x":3.1261582374572756,"y":1.0965197086334229,"z":-9.473441123962403},"rotation":{"x":-0.09295640885829926,"y":-0.5370949506759644,"z":0.05969787761569023,"w":-0.8362696170806885},"size":3.1535120010375978,"orthographic":false}