{"cameraMode":{"drawMode":0,"name":"Shaded","section":"Shading Mode"},"sceneLighting":true,"audioPlay":false,"sceneViewState":{"m_AlwaysRefresh":false,"showFog":true,"showSkybox":true,"showFlares":true,"showImageEffects":true,"showParticleSystems":true,"showVisualEffectGraphs":true,"m_FxEnabled":true},"in2DMode":false,"pivot":{"x":-1.0836668014526368,"y":0.7695246934890747,"z":-6.789360523223877},"rotation":{"x":-0.09606757760047913,"y":-0.32181549072265627,"z":0.03284024819731712,"w":-0.941354513168335},"size":3.1535120010375978,"orthographic":false}