{"cameraMode":{"drawMode":0,"name":"Shaded","section":"Shading Mode"},"sceneLighting":true,"audioPlay":false,"sceneViewState":{"m_AlwaysRefresh":false,"showFog":true,"showSkybox":true,"showFlares":true,"showImageEffects":true,"showParticleSystems":true,"showVisualEffectGraphs":true,"m_FxEnabled":true},"in2DMode":false,"pivot":{"x":0.3636048436164856,"y":3.3816819190979006,"z":7.386490345001221},"rotation":{"x":0.48240476846694949,"y":0.0013140023220330477,"z":-0.0007235908997245133,"w":0.8759480118751526},"size":8.036144256591797,"orthographic":true}